{
  "bit_0": {
    "mse": 8.802199590718374e-05,
    "mad": 0.0040229433216154575,
    "cosine": 0.999744746688546
  },
  "bit_1": {
    "mse": 9.152467828243971e-05,
    "mad": 0.004009108524769545,
    "cosine": 0.999747741887953
  },
  "bit_2": {
    "mse": 9.283554391004145e-05,
    "mad": 0.004103928804397583,
    "cosine": 0.9997504292962025
  },
  "bit_3": {
    "mse": 8.480586257064715e-05,
    "mad": 0.0039515262469649315,
    "cosine": 0.999755320607293
  },
  "bit_4": {
    "mse": 8.770870044827461e-05,
    "mad": 0.003944171126931906,
    "cosine": 0.9997566040980462
  },
  "bit_5": {
    "mse": 7.918717165011913e-05,
    "mad": 0.0038873131852597,
    "cosine": 0.9997629566086477
  },
  "bit_6": {
    "mse": 9.43919294513762e-05,
    "mad": 0.004144138190895319,
    "cosine": 0.9997466080846268
  },
  "bit_7": {
    "mse": 9.069307270692661e-05,
    "mad": 0.004026871174573898,
    "cosine": 0.9997490224495653
  }
}