{
  "bit_0": {
    "mse": 0.00015078105207066983,
    "mad": 0.007879533804953098,
    "cosine": 0.9995957604454017
  },
  "bit_1": {
    "mse": 0.00014777571777813137,
    "mad": 0.007695425767451525,
    "cosine": 0.9996051771033213
  },
  "bit_2": {
    "mse": 0.00015182017523329705,
    "mad": 0.007863071747124195,
    "cosine": 0.9995922905856189
  },
  "bit_3": {
    "mse": 0.00014732073759660125,
    "mad": 0.007704602088779211,
    "cosine": 0.9996115731375181
  },
  "bit_4": {
    "mse": 0.00013791643141303211,
    "mad": 0.007512988056987524,
    "cosine": 0.9996497122307411
  },
  "bit_5": {
    "mse": 0.0001614781649550423,
    "mad": 0.008156565017998219,
    "cosine": 0.999557112018396
  },
  "bit_6": {
    "mse": 0.0001787966612027958,
    "mad": 0.008650919422507286,
    "cosine": 0.9994868556622754
  },
  "bit_7": {
    "mse": 0.00016169052105396986,
    "mad": 0.008162173442542553,
    "cosine": 0.9995482504437252
  }
}