{
  "bit_0": {
    "mse": 9.396695531904697e-05,
    "mad": 0.004987330641597509,
    "cosine": 0.9997823196637192
  },
  "bit_1": {
    "mse": 9.669583960203454e-05,
    "mad": 0.005118963308632374,
    "cosine": 0.9997724847564302
  },
  "bit_2": {
    "mse": 0.00011622116289800033,
    "mad": 0.0055957697331905365,
    "cosine": 0.9997296976339132
  },
  "bit_3": {
    "mse": 9.523861081106588e-05,
    "mad": 0.005083310883492231,
    "cosine": 0.9997814519829936
  },
  "bit_4": {
    "mse": 9.700344526208937e-05,
    "mad": 0.0051161907613277435,
    "cosine": 0.9997711227583765
  },
  "bit_5": {
    "mse": 9.983573545468971e-05,
    "mad": 0.005212537478655577,
    "cosine": 0.9997663667192932
  },
  "bit_6": {
    "mse": 0.00012180431076558307,
    "mad": 0.005877725780010223,
    "cosine": 0.9997107216340833
  },
  "bit_7": {
    "mse": 0.00012683325621765107,
    "mad": 0.0059709809720516205,
    "cosine": 0.9997035120817857
  }
}