{
  "model": "separate",
  "smoke": false,
  "results": {
    "clean": {
      "per_bit_accuracy": [
        0.90625,
        0.921875,
        0.9609375,
        0.58203125,
        0.8203125,
        0.9296875,
        0.98828125,
        0.953125
      ],
      "mean_bit_accuracy": 0.8828125,
      "exact_match_rate": 0.3359375
    },
    "jpeg_q90": {
      "per_bit_accuracy": [
        0.76953125,
        0.8125,
        0.83984375,
        0.5234375,
        0.66796875,
        0.8515625,
        0.87890625,
        0.87109375
      ],
      "mean_bit_accuracy": 0.77685546875,
      "exact_match_rate": 0.12890625
    },
    "jpeg_q75": {
      "per_bit_accuracy": [
        0.63671875,
        0.70703125,
        0.625,
        0.5234375,
        0.57421875,
        0.68359375,
        0.60546875,
        0.63671875
      ],
      "mean_bit_accuracy": 0.6240234375,
      "exact_match_rate": 0.02734375
    },
    "jpeg_q50": {
      "per_bit_accuracy": [
        0.55078125,
        0.546875,
        0.50390625,
        0.51171875,
        0.46484375,
        0.58203125,
        0.53515625,
        0.55859375
      ],
      "mean_bit_accuracy": 0.53173828125,
      "exact_match_rate": 0.01171875
    },
    "resize_512": {
      "per_bit_accuracy": [
        0.62890625,
        0.58984375,
        0.58203125,
        0.5390625,
        0.51953125,
        0.8046875,
        0.66796875,
        0.5390625
      ],
      "mean_bit_accuracy": 0.60888671875,
      "exact_match_rate": 0.0078125
    },
    "random_crop_75": {
      "per_bit_accuracy": [
        0.5234375,
        0.60546875,
        0.57421875,
        0.50390625,
        0.484375,
        0.640625,
        0.6171875,
        0.609375
      ],
      "mean_bit_accuracy": 0.56982421875,
      "exact_match_rate": 0.01171875
    }
  }
}