{
  "model": "resnet",
  "smoke": false,
  "results": {
    "clean": {
      "per_bit_accuracy": [
        0.90234375,
        0.9453125,
        0.95703125,
        0.828125,
        0.921875,
        0.9296875,
        0.99609375,
        0.96484375
      ],
      "mean_bit_accuracy": 0.9306640625,
      "exact_match_rate": 0.5703125
    },
    "jpeg_q90": {
      "per_bit_accuracy": [
        0.609375,
        0.6328125,
        0.71875,
        0.51953125,
        0.6796875,
        0.74609375,
        0.73828125,
        0.83203125
      ],
      "mean_bit_accuracy": 0.6845703125,
      "exact_match_rate": 0.05859375
    },
    "jpeg_q75": {
      "per_bit_accuracy": [
        0.54296875,
        0.5390625,
        0.5625,
        0.5234375,
        0.55859375,
        0.6640625,
        0.54296875,
        0.5859375
      ],
      "mean_bit_accuracy": 0.56494140625,
      "exact_match_rate": 0.0078125
    },
    "jpeg_q50": {
      "per_bit_accuracy": [
        0.50390625,
        0.50390625,
        0.546875,
        0.54296875,
        0.48046875,
        0.65234375,
        0.5078125,
        0.515625
      ],
      "mean_bit_accuracy": 0.53173828125,
      "exact_match_rate": 0.015625
    },
    "resize_512": {
      "per_bit_accuracy": [
        0.5234375,
        0.546875,
        0.515625,
        0.6171875,
        0.48828125,
        0.57421875,
        0.6328125,
        0.5
      ],
      "mean_bit_accuracy": 0.5498046875,
      "exact_match_rate": 0.00390625
    },
    "random_crop_75": {
      "per_bit_accuracy": [
        0.546875,
        0.55078125,
        0.59375,
        0.54296875,
        0.5234375,
        0.6015625,
        0.69140625,
        0.5
      ],
      "mean_bit_accuracy": 0.56884765625,
      "exact_match_rate": 0.00390625
    }
  }
}