{
  "bit_0": {
    "mse": 3.169986302964389e-05,
    "mad": 0.0026737982407212257,
    "cosine": 0.9997958071622075
  },
  "bit_1": {
    "mse": 3.675247717183083e-05,
    "mad": 0.002747321268543601,
    "cosine": 0.9997800443055289
  },
  "bit_2": {
    "mse": 3.976248626713641e-05,
    "mad": 0.00283587328158319,
    "cosine": 0.9997765933642717
  },
  "bit_3": {
    "mse": 3.489185110083781e-05,
    "mad": 0.0026835035532712936,
    "cosine": 0.9997861085224848
  },
  "bit_4": {
    "mse": 3.248598659411073e-05,
    "mad": 0.002684116130694747,
    "cosine": 0.9997883211190906
  },
  "bit_5": {
    "mse": 3.602370998123661e-05,
    "mad": 0.0027472435031086206,
    "cosine": 0.9997769016495203
  },
  "bit_6": {
    "mse": 4.176141010248102e-05,
    "mad": 0.0029326656367629766,
    "cosine": 0.9997685180570574
  },
  "bit_7": {
    "mse": 3.8522663089679554e-05,
    "mad": 0.002875533187761903,
    "cosine": 0.999780308154741
  }
}