{
  "bit_0": {
    "mse": 3.3482694561826065e-05,
    "mad": 0.003238673321902752,
    "cosine": 0.9997571472221102
  },
  "bit_1": {
    "mse": 3.54160183633212e-05,
    "mad": 0.0032951089087873697,
    "cosine": 0.9997562438327527
  },
  "bit_2": {
    "mse": 3.523187115206383e-05,
    "mad": 0.003322044387459755,
    "cosine": 0.9997565893526522
  },
  "bit_3": {
    "mse": 3.587446190067567e-05,
    "mad": 0.0033075008541345596,
    "cosine": 0.9997480047375109
  },
  "bit_4": {
    "mse": 3.6029879993293434e-05,
    "mad": 0.0033085134346038103,
    "cosine": 0.9997511803497923
  },
  "bit_5": {
    "mse": 3.460625885054469e-05,
    "mad": 0.0032371601555496454,
    "cosine": 0.9997572750796271
  },
  "bit_6": {
    "mse": 4.0349201299250126e-05,
    "mad": 0.0035098379012197256,
    "cosine": 0.9997385385975189
  },
  "bit_7": {
    "mse": 3.564323196769692e-05,
    "mad": 0.0033010803163051605,
    "cosine": 0.9997566761592496
  }
}