{
  "bit_0": {
    "mse": 0.00010520952491788194,
    "mad": 0.005648042540997267,
    "cosine": 0.9994127449724649
  },
  "bit_1": {
    "mse": 0.00010169777669943869,
    "mad": 0.005687227007001638,
    "cosine": 0.9994195982195216
  },
  "bit_2": {
    "mse": 0.0001121766326832585,
    "mad": 0.005901943426579237,
    "cosine": 0.9993915010612994
  },
  "bit_3": {
    "mse": 0.00010397963342256844,
    "mad": 0.005659045651555061,
    "cosine": 0.9994174242797834
  },
  "bit_4": {
    "mse": 0.00011442025424912572,
    "mad": 0.00573314493522048,
    "cosine": 0.9993974332394818
  },
  "bit_5": {
    "mse": 0.00012237075134180486,
    "mad": 0.005965661257505417,
    "cosine": 0.9993788013190353
  },
  "bit_6": {
    "mse": 0.00011589780478971079,
    "mad": 0.006038855295628309,
    "cosine": 0.999388708745679
  },
  "bit_7": {
    "mse": 0.00011012863978976384,
    "mad": 0.005932363215833902,
    "cosine": 0.9994032536854502
  }
}