{
  "bit_0": {
    "mse": 7.265805470524356e-05,
    "mad": 0.005182295106351376,
    "cosine": 0.9996441052475293
  },
  "bit_1": {
    "mse": 8.148123743012547e-05,
    "mad": 0.005497330334037542,
    "cosine": 0.9996326002462272
  },
  "bit_2": {
    "mse": 7.887565152486786e-05,
    "mad": 0.0054729706607759,
    "cosine": 0.9996367698774056
  },
  "bit_3": {
    "mse": 7.767156785121188e-05,
    "mad": 0.005317567382007837,
    "cosine": 0.9996375168217775
  },
  "bit_4": {
    "mse": 8.420150697929785e-05,
    "mad": 0.005563418846577406,
    "cosine": 0.999625610576045
  },
  "bit_5": {
    "mse": 9.679479262558743e-05,
    "mad": 0.005934570450335741,
    "cosine": 0.9996004667122793
  },
  "bit_6": {
    "mse": 8.65537513163872e-05,
    "mad": 0.005742957349866629,
    "cosine": 0.999619205938671
  },
  "bit_7": {
    "mse": 8.564759627915919e-05,
    "mad": 0.005597395356744528,
    "cosine": 0.9996210551671288
  }
}