{
  "bit_0": {
    "mse": 0.00010849712998606265,
    "mad": 0.006020932924002409,
    "cosine": 0.9997520738931878
  },
  "bit_1": {
    "mse": 0.00012183262879261747,
    "mad": 0.006371242459863424,
    "cosine": 0.9997055824491843
  },
  "bit_2": {
    "mse": 0.0001233234943356365,
    "mad": 0.006436195690184832,
    "cosine": 0.9997015916572504
  },
  "bit_3": {
    "mse": 0.00010710567585192621,
    "mad": 0.006024111062288284,
    "cosine": 0.9997581611594459
  },
  "bit_4": {
    "mse": 0.0001401064364472404,
    "mad": 0.006776805501431227,
    "cosine": 0.9996491553193464
  },
  "bit_5": {
    "mse": 0.0001283049932681024,
    "mad": 0.006548754870891571,
    "cosine": 0.9996902527288696
  },
  "bit_6": {
    "mse": 0.00012967428483534604,
    "mad": 0.006609439849853516,
    "cosine": 0.9996819902336612
  },
  "bit_7": {
    "mse": 0.00011596456897677854,
    "mad": 0.006198805291205645,
    "cosine": 0.9997277514473839
  }
}