{
  "bit_0": {
    "mse": 4.583935879054479e-05,
    "mad": 0.004056412260979414,
    "cosine": 0.9998240323897606
  },
  "bit_1": {
    "mse": 4.9961086915573105e-05,
    "mad": 0.004231592640280724,
    "cosine": 0.9998072541907161
  },
  "bit_2": {
    "mse": 5.1377242925809696e-05,
    "mad": 0.004308837000280619,
    "cosine": 0.9997998725602799
  },
  "bit_3": {
    "mse": 4.759568037115969e-05,
    "mad": 0.004110709298402071,
    "cosine": 0.9998162635385723
  },
  "bit_4": {
    "mse": 5.16750878887251e-05,
    "mad": 0.004395187366753817,
    "cosine": 0.9998014459950231
  },
  "bit_5": {
    "mse": 5.300397242535837e-05,
    "mad": 0.004363140091300011,
    "cosine": 0.9997928329483561
  },
  "bit_6": {
    "mse": 5.4938773246249184e-05,
    "mad": 0.004448725376278162,
    "cosine": 0.9997821136457147
  },
  "bit_7": {
    "mse": 5.18743327120319e-05,
    "mad": 0.004269980359822512,
    "cosine": 0.9997955816028646
  }
}