{
  "bit_0": {
    "mse": 3.2659001590218395e-05,
    "mad": 0.0032815570011734962,
    "cosine": 0.9996001078079264
  },
  "bit_1": {
    "mse": 3.489841765258461e-05,
    "mad": 0.0033643506467342377,
    "cosine": 0.9995960344143295
  },
  "bit_2": {
    "mse": 3.676943379105069e-05,
    "mad": 0.0034708764869719744,
    "cosine": 0.9995876542563527
  },
  "bit_3": {
    "mse": 3.134182043140754e-05,
    "mad": 0.0032585656736046076,
    "cosine": 0.9996005869654258
  },
  "bit_4": {
    "mse": 3.555377770680934e-05,
    "mad": 0.0033981355372816324,
    "cosine": 0.9995924891965727
  },
  "bit_5": {
    "mse": 3.921873212675564e-05,
    "mad": 0.00364899099804461,
    "cosine": 0.999579539124434
  },
  "bit_6": {
    "mse": 3.628850026871078e-05,
    "mad": 0.0035244254395365715,
    "cosine": 0.9995846306099293
  },
  "bit_7": {
    "mse": 3.623693191912025e-05,
    "mad": 0.003545702202245593,
    "cosine": 0.9995866362396695
  }
}