{
  "n_processed": 200,
  "n_shape_skipped": 0,
  "n_missing_baseline": 0,
  "n_missing_image": 0,
  "linf": {
    "mean": 0.2994705978780985,
    "median": 0.29019609093666077,
    "p95": 0.4745098054409027,
    "max": 0.6980392336845398
  },
  "mean_abs_delta": {
    "mean": 0.006987647670321166,
    "median": 0.006888860138133168
  },
  "fraction_pixels_above_threshold_pct": {
    "0.5%": {
      "mean": 37.552682399749756,
      "median": 37.41040229797363
    },
    "1.0%": {
      "mean": 18.93575096130371,
      "median": 18.322229385375977
    },
    "2.0%": {
      "mean": 4.739350318908691,
      "median": 4.993391036987305
    },
    "5.0%": {
      "mean": 0.5959115028381348,
      "median": 0.6952285766601562
    },
    "10.0%": {
      "mean": 0.05059194564819336,
      "median": 0.05154609680175781
    },
    "20.0%": {
      "mean": 0.002284526824951172,
      "median": 0.001430511474609375
    }
  }
}