{
  "checkpoint": "/workspace/computer-vision-watermarking/decoding/checkpoints/dual_branch.pth",
  "ckpt_epoch": 28,
  "ckpt_val_exact_match": 0.85546875,
  "image_size": 512,
  "n_test": 256,
  "modes": {
    "full": {
      "per_bit_accuracy": [
        0.984375,
        0.97265625,
        0.9921875,
        0.9609375,
        0.94921875,
        0.984375,
        1.0,
        0.9765625
      ],
      "mean_bit_accuracy": 0.9775390625,
      "exact_match_rate": 0.84375
    },
    "no_spectral": {
      "per_bit_accuracy": [
        0.4921875,
        0.5,
        0.5,
        0.5,
        0.5,
        0.5,
        0.5,
        0.5
      ],
      "mean_bit_accuracy": 0.4990234375,
      "exact_match_rate": 0.00390625
    },
    "no_spatial": {
      "per_bit_accuracy": [
        0.98828125,
        0.97265625,
        0.97265625,
        0.921875,
        0.89453125,
        0.98046875,
        1.0,
        0.9609375
      ],
      "mean_bit_accuracy": 0.96142578125,
      "exact_match_rate": 0.73828125
    }
  },
  "deltas_vs_full": {
    "no_spectral": {
      "delta_mean_bit_accuracy": -0.478515625,
      "delta_exact_match_rate": -0.83984375,
      "delta_per_bit_accuracy": [
        -0.4921875,
        -0.47265625,
        -0.4921875,
        -0.4609375,
        -0.44921875,
        -0.484375,
        -0.5,
        -0.4765625
      ]
    },
    "no_spatial": {
      "delta_mean_bit_accuracy": -0.01611328125,
      "delta_exact_match_rate": -0.10546875,
      "delta_per_bit_accuracy": [
        0.00390625,
        0.0,
        -0.01953125,
        -0.0390625,
        -0.0546875,
        -0.00390625,
        0.0,
        -0.015625
      ]
    }
  }
}