{
  "model": "vit",
  "smoke": false,
  "results": {
    "clean": {
      "per_bit_accuracy": [
        0.42578125,
        0.50390625,
        0.44921875,
        0.48828125,
        0.49609375,
        0.45703125,
        0.47265625,
        0.4765625
      ],
      "mean_bit_accuracy": 0.47119140625,
      "exact_match_rate": 0.0
    },
    "jpeg_q90": {
      "per_bit_accuracy": [
        0.42578125,
        0.50390625,
        0.44921875,
        0.48828125,
        0.49609375,
        0.45703125,
        0.47265625,
        0.4765625
      ],
      "mean_bit_accuracy": 0.47119140625,
      "exact_match_rate": 0.0
    },
    "jpeg_q75": {
      "per_bit_accuracy": [
        0.42578125,
        0.50390625,
        0.44921875,
        0.48828125,
        0.49609375,
        0.45703125,
        0.47265625,
        0.4765625
      ],
      "mean_bit_accuracy": 0.47119140625,
      "exact_match_rate": 0.0
    },
    "jpeg_q50": {
      "per_bit_accuracy": [
        0.42578125,
        0.50390625,
        0.44921875,
        0.48828125,
        0.5,
        0.45703125,
        0.47265625,
        0.4765625
      ],
      "mean_bit_accuracy": 0.4716796875,
      "exact_match_rate": 0.0
    },
    "resize_512": {
      "per_bit_accuracy": [
        0.42578125,
        0.50390625,
        0.44921875,
        0.48828125,
        0.49609375,
        0.45703125,
        0.47265625,
        0.4765625
      ],
      "mean_bit_accuracy": 0.47119140625,
      "exact_match_rate": 0.0
    },
    "random_crop_75": {
      "per_bit_accuracy": [
        0.4609375,
        0.50390625,
        0.453125,
        0.51171875,
        0.5,
        0.46484375,
        0.47265625,
        0.46875
      ],
      "mean_bit_accuracy": 0.4794921875,
      "exact_match_rate": 0.0
    }
  }
}