{
  "model": "separate",
  "smoke": false,
  "results": {
    "clean": {
      "per_bit_accuracy": [
        0.90625,
        0.921875,
        0.9609375,
        0.58203125,
        0.828125,
        0.9296875,
        0.98828125,
        0.953125
      ],
      "mean_bit_accuracy": 0.8837890625,
      "exact_match_rate": 0.3359375
    },
    "jpeg_q90": {
      "per_bit_accuracy": [
        0.76953125,
        0.8125,
        0.83203125,
        0.5234375,
        0.671875,
        0.8515625,
        0.87890625,
        0.87109375
      ],
      "mean_bit_accuracy": 0.7763671875,
      "exact_match_rate": 0.1328125
    },
    "jpeg_q75": {
      "per_bit_accuracy": [
        0.63671875,
        0.7109375,
        0.625,
        0.5234375,
        0.57421875,
        0.67578125,
        0.6015625,
        0.63671875
      ],
      "mean_bit_accuracy": 0.623046875,
      "exact_match_rate": 0.02734375
    },
    "jpeg_q50": {
      "per_bit_accuracy": [
        0.5625,
        0.5546875,
        0.50390625,
        0.51171875,
        0.46484375,
        0.58203125,
        0.53515625,
        0.5625
      ],
      "mean_bit_accuracy": 0.53466796875,
      "exact_match_rate": 0.01171875
    },
    "resize_512": {
      "per_bit_accuracy": [
        0.625,
        0.58984375,
        0.58203125,
        0.5390625,
        0.51953125,
        0.8046875,
        0.66796875,
        0.5390625
      ],
      "mean_bit_accuracy": 0.6083984375,
      "exact_match_rate": 0.0078125
    },
    "random_crop_75": {
      "per_bit_accuracy": [
        0.5234375,
        0.6015625,
        0.57421875,
        0.50390625,
        0.484375,
        0.640625,
        0.6171875,
        0.60546875
      ],
      "mean_bit_accuracy": 0.56884765625,
      "exact_match_rate": 0.01171875
    }
  }
}